{"cameraMode":{"drawMode":0,"name":"Shaded","section":"Shading Mode"},"sceneLighting":true,"audioPlay":false,"sceneViewState":{"m_AlwaysRefresh":false,"showFog":true,"showSkybox":true,"showFlares":true,"showImageEffects":true,"showParticleSystems":true,"showVisualEffectGraphs":true,"m_FxEnabled":true},"in2DMode":false,"pivot":{"x":3.7110424041748049,"y":3.950133800506592,"z":22.953121185302736},"rotation":{"x":0.023140782490372659,"y":-0.6780029535293579,"z":0.021364184096455575,"w":0.7343843579292297},"size":3.8679826259613039,"orthographic":false}